1,Video Editing,30-day video editing roadmap,30
2,Web Development,30-day web development roadmap,30
3,Graphic Design,30-day graphic design roadmap,30
4,Generative AI,30-day generative AI roadmap,30
5,AI & Machine Learning,30-day AI and machine learning roadmap,30
6,AI Automation,30-day AI automation roadmap,30
7,Cyber Security,30-day cyber security roadmap,30
8,Digital Marketing,30-day digital marketing roadmap,30
9,Game Development,30-day game development roadmap,30
10,UI/UX Design,30-day UI UX design roadmap,30
11,Trading & Stock Market,30-day trading and stock market roadmap,30
12,Mobile App Development,30-day mobile app development roadmap,30
13,Content Creation & YouTube Automation,30-day content creation and YouTube automation roadmap,30
14,SEO Specialization,30-day SEO specialization roadmap,30
15,Cloud Computing,30-day cloud computing roadmap,30
16,Data Analytics,30-day data analytics roadmap,30
17,3D Animation & Motion Graphics,30-day 3D animation and motion graphics roadmap,30
18,E-commerce & Shopify,30-day e-commerce and Shopify roadmap,30
19,Copywriting & Sales Funnels,30-day copywriting and sales funnels roadmap,30
20,No-Code / Low-Code Development,30-day no-code and low-code development roadmap,30
